vacancy,salary,employer,location
Бизнес-ассистент по организации строительства загородных домов / Менеджер по работе с клиентами,"до 1 000 000 ₽ за месяц, до вычета налогов",Проект ЗА ПРЕКРАСНУЮ ЖИЗНЬ (ИП Елисеев Василий Юрьевич),Москва
"Инженер - Проектировщик (ОВ, ВК), Частного домостроения","120 000 – 160 000 ₽ за месяц, на руки",ООО ГУД СТОУН,Москва
Инженер-проектировщик электрощитового оборудования,"80 000 – 150 000 ₽ за месяц, на руки",ООО Мобилис,Новосибирск
"Инженер-проектировщик АС, КЖ, КМ","от 80 000 ₽ за месяц, на руки",ООО Эксперт Инжиниринг,Тула
Инженер-проектировщик,"от 80 000 ₽ за месяц, на руки",ООО ПРОЕКТ-Т-15,Москва
Инженер-проектировщик,"65 000 – 110 000 ₽ за месяц, на руки",ООО АлтайСвязьСервис,Барнаул
Инженер-проектировщик фасадов (Стажер),"от 70 000 ₽ за месяц, до вычета налогов",Hilti Россия,Ростов-на-Дону
Инженер-проектировщик фасадов (Стажер),"от 70 000 ₽ за месяц, до вычета налогов",Hilti Россия,Екатеринбург
Инженер-конструктор без опыта работы,"от 70 000 ₽ за месяц, на руки",SOLLAB,Подольск (Московская область)
Инженер-проектировщик фасадов (Стажер),"от 70 000 ₽ за месяц, до вычета налогов",Hilti Россия,Самара
Инженер-проектировщик раздела ТХ (инженерные сети),"от 70 000 ₽ за месяц, на руки",ООО БалтСпецПроект,Санкт-Петербург
Начинающий инженер-проектировщик,"от 60 000 ₽ за месяц, до вычета налогов",АО ВНИПИпромтехнологии,Москва
Инженер - проектировщик КМ КЖ,"от 60 000 ₽ за месяц, на руки",ООО Проект Магна,Омск
Инженер-проектировщик,"30 000 – 100 000 ₽ за месяц, на руки",Наяда,Ростов-на-Дону
"Помощник Инженера-проектировщика (Отопление, Водоснабжение, Водоотведение, Котельные)","60 000 – 70 000 ₽ за месяц, на руки",ООО Альстрамерия,Москва
Помощник инженера,"от 50 000 ₽ за месяц, до вычета налогов",ООО Бельведер,Владивосток
Инженер (стажер),"от 50 000 ₽ за месяц, на руки",ООО ОмегаПром,Набережные Челны
Помощник инженера-проектировщика ОВ и ВК,"от 40 000 ₽ за месяц, на руки",ООО СК Все Строй,Челябинск
Инженер проектировщик/Ученик проектировщика,"от 35 000 ₽ за месяц, на руки",ООО Инженерное дело,Санкт-Петербург
"Инженер-проектировщик ТГВ, ОВиК","20 000 – 60 000 ₽ за месяц, на руки",ООО Вент-Индустрия,Тюмень
Инженер-проектировщик тепломеханического оборудования (стажер),"20 000 – 50 000 ₽ за месяц, на руки",ООО УралТеплоТехСервис,Екатеринбург
Помощник дендролога,"20 000 – 40 000 ₽ за месяц, на руки",ООО РусЛидерПроект,Москва
Помощник инженера-проектировщика НВК,"20 000 – 40 000 ₽ за месяц, на руки",ООО РусЛидерПроект,Москва
Начинающий специалист / Помощник инженера-проектировщика-стажёр,Not stated,ЭКСПЕРТЭНЕРГО,Минск
Помощник Инженера-проектировщика КЖ,Not stated,ООО МПИ,Санкт-Петербург
Recruitment intern / Стажер в отдел по подбору персонала,Not stated,Antal Talent,Москва
Младший инженер-проектировщик,Not stated,АО ТопРендж,Москва
Инженер-проектировщик слаботочных систем,Not stated,ООО Инсети,Санкт-Петербург
